,country,sex_code,sex_label,year,deaths_per_100k
0,Chile,F,Female,2015,675.6
1,Chile,F,Female,2016,660.5
2,Japan,F,Female,2015,470.8
3,Japan,F,Female,2016,463.7
4,Germany,M,Male,2016,1029.7
5,Germany,M,Male,2017,1029.1
6,Japan,F,Female,2019,452.5
7,Hungary,F,Female,2021,1129.4
8,Hungary,F,Female,2022,1007.9
9,Hungary,F,Female,2015,1030.2
10,Hungary,F,Female,2016,962.1
11,Hungary,F,Female,2017,999.9
12,Hungary,F,Female,2018,980.5
13,Hungary,F,Female,2019,966.1
14,Japan,F,Female,2020,439.7
15,Japan,F,Female,2021,450.4
16,Belgium,F,Female,2018,667.7
17,Belgium,F,Female,2019,644.4
18,Belgium,F,Female,2020,738.1
19,Belgium,F,Female,2015,700.7
20,Belgium,F,Female,2016,662.6
21,Iceland,M,Male,2021,778.3
22,Iceland,M,Male,2022,878.8
23,Iceland,M,Male,2015,850.2
24,Iceland,M,Male,2016,934.7
25,Iceland,M,Male,2017,841.5
26,Iceland,M,Male,2018,825.9
27,Iceland,M,Male,2019,819.1
28,Iceland,M,Male,2020,798.7
29,Colombia,F,Female,2021,918.8
30,Colombia,F,Female,2015,720.8
31,Colombia,F,Female,2019,691.0
32,Colombia,F,Female,2016,701.7
33,Colombia,F,Female,2017,700.6
34,Colombia,F,Female,2018,694.4
35,Japan,F,Female,2017,459.7
36,Japan,F,Female,2018,456.9
37,Bulgaria,F,Female,2019,1043.5
38,Bulgaria,F,Female,2020,1168.9
39,Bulgaria,F,Female,2021,1429.8
40,Bulgaria,F,Female,2015,1113.7
41,Bulgaria,F,Female,2016,1070.5
42,Bulgaria,F,Female,2017,1089.6
43,Finland,_T,Total,2017,793.2
44,Finland,_T,Total,2018,791.3
45,Finland,_T,Total,2019,768.0
46,Finland,_T,Total,2020,774.1
47,Finland,_T,Total,2021,784.8
48,Finland,_T,Total,2015,806.4
49,Finland,_T,Total,2016,813.7
50,Romania,_T,Total,2019,1228.3
51,Romania,_T,Total,2015,1298.9
52,Romania,_T,Total,2016,1269.3
53,Romania,_T,Total,2017,1271.3
54,Romania,_T,Total,2018,1268.8
55,Portugal,M,Male,2019,977.0
56,Portugal,M,Male,2015,1074.7
57,Portugal,M,Male,2016,1080.2
58,Portugal,M,Male,2017,1050.2
59,Portugal,M,Male,2018,1061.1
60,Italy,F,Female,2019,579.1
61,Italy,F,Female,2020,660.5
62,Italy,F,Female,2015,624.4
63,Italy,F,Female,2016,583.1
64,Italy,F,Female,2017,606.6
65,Italy,F,Female,2018,586.4
66,Spain,M,Male,2020,987.1
67,Spain,M,Male,2021,900.9
68,Spain,M,Male,2015,934.2
69,Spain,M,Male,2016,892.7
70,Spain,M,Male,2017,896.0
71,Spain,M,Male,2018,887.6
72,Spain,M,Male,2019,853.6
73,Brazil,M,Male,2020,1417.4
74,Brazil,M,Male,2021,1568.4
75,Brazil,M,Male,2015,1305.4
76,Brazil,M,Male,2016,1319.8
77,Brazil,M,Male,2017,1280.3
78,Brazil,M,Male,2018,1245.9
79,Hungary,F,Female,2020,1037.2
80,Belgium,F,Female,2017,665.1
81,Estonia,F,Female,2022,766.5
82,Estonia,F,Female,2015,770.6
83,Estonia,F,Female,2016,758.7
84,Estonia,F,Female,2017,743.9
85,Estonia,F,Female,2018,741.0
86,Estonia,F,Female,2019,713.6
87,Estonia,F,Female,2020,723.5
88,Costa Rica,M,Male,2017,1014.5
89,Costa Rica,M,Male,2018,1014.3
90,Costa Rica,M,Male,2019,1001.3
91,Costa Rica,M,Male,2020,1076.5
92,Costa Rica,M,Male,2015,996.8
93,Costa Rica,M,Male,2016,1017.2
94,Finland,F,Female,2016,650.8
95,Finland,F,Female,2017,638.0
96,Finland,F,Female,2018,639.9
97,Finland,F,Female,2019,620.8
98,Finland,F,Female,2020,623.4
99,Finland,F,Female,2021,634.4
100,Finland,F,Female,2015,648.2
101,Mexico,M,Male,2020,1933.8
102,Mexico,M,Male,2021,1890.1
103,Mexico,M,Male,2015,1264.0
104,Mexico,M,Male,2016,1288.4
105,Mexico,M,Male,2017,1278.3
106,Mexico,M,Male,2018,1280.1
107,Mexico,M,Male,2019,1287.5
108,Australia,M,Male,2017,812.0
109,Australia,M,Male,2018,783.4
110,Australia,M,Male,2019,812.8
111,Australia,M,Male,2020,753.7
112,Australia,M,Male,2021,774.1
113,Australia,M,Male,2022,838.3
114,Australia,M,Male,2015,844.3
115,Australia,M,Male,2016,825.0
116,Norway,F,Female,2015,667.5
117,Norway,F,Female,2016,663.1
118,France,_T,Total,2019,675.5
119,France,_T,Total,2020,726.5
120,France,_T,Total,2015,709.1
121,France,_T,Total,2016,693.7
122,France,_T,Total,2017,710.1
123,France,_T,Total,2018,698.8
124,Slovenia,M,Male,2019,1001.0
125,Slovenia,M,Male,2020,1156.5
126,Slovenia,M,Male,2015,1099.4
127,Slovenia,M,Male,2016,1060.9
128,Slovenia,M,Male,2017,1088.7
129,Slovenia,M,Male,2018,1070.2
130,Latvia,_T,Total,2020,1217.7
131,Latvia,_T,Total,2021,1460.1
132,Latvia,_T,Total,2015,1243.6
133,Latvia,_T,Total,2016,1234.6
134,Latvia,_T,Total,2017,1235.3
135,Latvia,_T,Total,2018,1230.5
136,Latvia,_T,Total,2019,1177.9
137,Switzerland,_T,Total,2020,728.0
138,Switzerland,_T,Total,2021,670.4
139,Switzerland,_T,Total,2015,722.3
140,Switzerland,_T,Total,2016,678.8
141,Switzerland,_T,Total,2017,683.3
142,Switzerland,_T,Total,2018,670.3
143,Switzerland,_T,Total,2019,661.3
144,Ireland,M,Male,2019,900.0
145,Ireland,M,Male,2020,911.0
146,Brazil,_T,Total,2015,1060.5
147,Brazil,_T,Total,2016,1065.2
148,Brazil,_T,Total,2017,1037.4
149,Brazil,_T,Total,2018,1009.7
150,Brazil,_T,Total,2019,1009.0
151,Brazil,_T,Total,2020,1125.9
152,Brazil,_T,Total,2021,1265.1
153,Ireland,M,Male,2015,985.9
154,Ireland,M,Male,2016,972.6
155,Ireland,M,Male,2017,929.3
156,Ireland,M,Male,2018,920.1
157,Korea,_T,Total,2020,635.8
158,Korea,_T,Total,2021,631.8
159,Korea,_T,Total,2015,730.7
160,Korea,_T,Total,2016,710.5
161,Korea,_T,Total,2017,690.7
162,Korea,_T,Total,2018,688.2
163,Korea,_T,Total,2019,645.9
164,Sweden,_T,Total,2018,761.5
165,Sweden,_T,Total,2019,724.3
166,Sweden,_T,Total,2020,786.7
167,Sweden,_T,Total,2021,723.8
168,Sweden,_T,Total,2022,728.0
169,Sweden,_T,Total,2015,793.5
170,Colombia,F,Female,2020,783.8
171,Bulgaria,F,Female,2018,1061.7
172,Norway,M,Male,2015,918.0
173,Norway,M,Male,2016,892.9
174,Hungary,M,Male,2017,1597.5
175,Hungary,M,Male,2018,1575.2
176,Hungary,M,Male,2019,1527.8
177,Hungary,M,Male,2020,1653.4
178,Hungary,M,Male,2021,1827.5
179,Hungary,M,Male,2022,1621.0
180,Hungary,M,Male,2015,1625.5
181,Hungary,M,Male,2016,1577.0
182,Canada,M,Male,2021,887.1
183,Canada,M,Male,2022,920.8
184,Canada,M,Male,2015,877.1
185,Canada,M,Male,2016,861.0
186,Canada,M,Male,2017,867.2
187,Canada,M,Male,2018,866.6
188,Canada,M,Male,2019,841.9
189,Canada,M,Male,2020,891.8
190,Peru,_T,Total,2017,750.3
191,Peru,_T,Total,2018,755.0
192,Peru,_T,Total,2019,798.4
193,Peru,_T,Total,2020,1365.9
194,Peru,_T,Total,2015,585.5
195,Peru,_T,Total,2016,595.9
196,Australia,F,Female,2017,588.9
197,Australia,F,Female,2019,584.7
198,Australia,F,Female,2020,540.7
199,Australia,F,Female,2021,564.4
200,Australia,F,Female,2015,611.6
201,Australia,F,Female,2018,564.2
202,Australia,F,Female,2022,609.8
203,Australia,F,Female,2016,589.9
204,France,F,Female,2015,554.9
205,France,F,Female,2016,543.5
206,France,F,Female,2017,562.2
207,France,F,Female,2018,551.1
208,France,F,Female,2019,535.3
209,France,F,Female,2020,571.2
210,Latvia,F,Female,2016,934.5
211,Latvia,F,Female,2017,932.2
212,Argentina,M,Male,2015,1444.1
213,Argentina,M,Male,2016,1498.5
214,Argentina,M,Male,2017,1422.8
215,Argentina,M,Male,2018,1381.0
216,Argentina,M,Male,2019,1356.4
217,Argentina,M,Male,2020,1491.5
218,Latvia,F,Female,2018,932.9
219,Argentina,M,Male,2021,1668.3
220,Latvia,F,Female,2019,895.7
221,Latvia,F,Female,2020,923.6
222,Latvia,F,Female,2021,1108.6
223,Latvia,F,Female,2015,949.6
224,Luxembourg,M,Male,2021,847.9
225,Luxembourg,M,Male,2022,798.3
226,Luxembourg,M,Male,2015,877.2
227,Luxembourg,M,Male,2016,882.4
228,Luxembourg,M,Male,2017,857.9
229,Luxembourg,M,Male,2018,851.1
230,Luxembourg,M,Male,2019,831.3
231,Luxembourg,M,Male,2020,897.6
232,Slovenia,F,Female,2015,686.3
233,Slovenia,F,Female,2016,663.0
234,Slovenia,F,Female,2017,673.6
235,Slovenia,F,Female,2018,663.4
236,Slovenia,F,Female,2019,642.5
237,Slovenia,F,Female,2020,740.9
238,Argentina,F,Female,2016,948.1
239,Argentina,F,Female,2017,908.7
240,Argentina,F,Female,2018,867.4
241,Argentina,F,Female,2019,869.9
242,Argentina,F,Female,2020,913.6
243,Argentina,F,Female,2021,1043.1
244,Argentina,F,Female,2015,910.0
245,United States,F,Female,2020,872.0
246,United States,F,Female,2021,875.4
247,United States,F,Female,2015,775.3
248,United States,F,Female,2016,765.8
249,United States,F,Female,2017,769.3
250,United States,F,Female,2018,759.4
251,United States,F,Female,2019,747.5
252,Ireland,F,Female,2015,717.2
253,Ireland,F,Female,2016,709.3
254,Ireland,F,Female,2017,687.4
255,Ireland,F,Female,2018,674.7
256,Ireland,F,Female,2019,650.1
257,Ireland,F,Female,2020,672.4
258,Spain,_T,Total,2016,698.7
259,Spain,_T,Total,2017,706.3
260,Spain,_T,Total,2018,698.7
261,Spain,_T,Total,2019,670.7
262,Spain,_T,Total,2020,777.7
263,Spain,_T,Total,2021,703.7
264,Spain,_T,Total,2015,734.6
265,Türkiye,M,Male,2015,1247.1
266,Türkiye,M,Male,2017,1243.1
267,Türkiye,M,Male,2018,1204.5
268,Türkiye,M,Male,2019,1189.5
269,Brazil,M,Male,2019,1241.7
270,Estonia,F,Female,2021,835.1
271,Argentina,_T,Total,2019,1071.8
272,Argentina,_T,Total,2020,1152.5
273,Argentina,_T,Total,2021,1305.5
274,Argentina,_T,Total,2015,1130.7
275,Argentina,_T,Total,2016,1174.6
276,Argentina,_T,Total,2017,1120.5
277,Netherlands,_T,Total,2021,846.2
278,Netherlands,_T,Total,2016,820.1
279,Netherlands,_T,Total,2017,807.0
280,Netherlands,_T,Total,2018,769.0
281,Netherlands,_T,Total,2022,825.1
282,Netherlands,_T,Total,2015,827.9
283,Netherlands,_T,Total,2019,724.5
284,Netherlands,_T,Total,2020,821.2
285,Poland,M,Male,2021,1685.0
286,Poland,M,Male,2015,1410.5
287,Poland,M,Male,2016,1357.4
288,Poland,M,Male,2017,1373.5
289,Poland,M,Male,2018,1358.6
290,Poland,M,Male,2019,1340.3
291,Poland,M,Male,2020,1566.1
292,Denmark,_T,Total,2020,815.1
293,Denmark,_T,Total,2021,774.5
294,Denmark,_T,Total,2015,870.2
295,Denmark,_T,Total,2016,858.0
296,Denmark,_T,Total,2017,848.2
297,Denmark,_T,Total,2018,863.2
298,Denmark,_T,Total,2019,823.2
299,Russia,_T,Total,2019,1327.8
300,Russia,_T,Total,2015,1475.9
301,Portugal,_T,Total,2019,766.4
302,Portugal,_T,Total,2015,837.4
303,Portugal,_T,Total,2016,834.7
304,Portugal,_T,Total,2017,812.1
305,Portugal,_T,Total,2018,818.9
306,Switzerland,F,Female,2016,577.5
307,Switzerland,F,Female,2017,578.4
308,Switzerland,F,Female,2018,572.3
309,Switzerland,F,Female,2019,566.1
310,Switzerland,F,Female,2020,610.0
311,Switzerland,F,Female,2021,566.8
312,Switzerland,F,Female,2015,607.5
313,United Kingdom,M,Male,2019,917.0
314,United Kingdom,M,Male,2020,1048.2
315,United Kingdom,M,Male,2015,980.8
316,United Kingdom,M,Male,2016,957.8
317,United Kingdom,M,Male,2017,952.7
318,United Kingdom,M,Male,2018,973.7
319,Slovak Republic,F,Female,2020,910.3
320,Slovak Republic,F,Female,2021,1148.4
321,Slovak Republic,F,Female,2016,893.0
322,Slovak Republic,F,Female,2017,902.9
323,Slovak Republic,F,Female,2018,887.3
324,Slovak Republic,F,Female,2019,845.7
325,Romania,F,Female,2019,965.1
326,Romania,F,Female,2015,1040.1
327,Romania,F,Female,2016,1007.4
328,Romania,F,Female,2017,1010.4
329,Romania,F,Female,2018,1000.8
330,Italy,M,Male,2019,838.7
331,Italy,M,Male,2020,985.3
332,Italy,M,Male,2015,923.6
333,Italy,M,Male,2016,873.8
334,Italy,M,Male,2017,892.5
335,Italy,M,Male,2018,859.4
336,Mexico,F,Female,2016,931.0
337,Mexico,F,Female,2017,918.5
338,Mexico,F,Female,2018,908.8
339,Mexico,F,Female,2019,911.8
340,Mexico,F,Female,2020,1212.7
341,Mexico,F,Female,2021,1239.4
342,Mexico,F,Female,2015,923.3
343,Iceland,_T,Total,2017,749.6
344,Iceland,_T,Total,2018,737.7
345,Iceland,_T,Total,2019,726.2
346,Iceland,_T,Total,2020,718.9
347,Iceland,_T,Total,2021,706.0
348,Iceland,_T,Total,2022,799.9
349,Iceland,_T,Total,2015,762.3
350,Iceland,_T,Total,2016,790.6
351,Japan,M,Male,2016,823.2
352,Japan,M,Male,2017,816.5
353,Japan,M,Male,2018,804.2
354,Japan,M,Male,2019,793.7
355,Japan,M,Male,2020,780.9
356,Japan,M,Male,2021,796.3
357,Japan,M,Male,2015,837.5
358,Italy,_T,Total,2019,692.8
359,Italy,_T,Total,2020,802.6
360,Italy,_T,Total,2015,752.0
361,Italy,_T,Total,2016,707.0
362,Italy,_T,Total,2017,729.2
363,Italy,_T,Total,2018,704.6
364,Türkiye,F,Female,2015,826.9
365,Türkiye,F,Female,2017,827.4
366,Türkiye,F,Female,2018,802.7
367,Türkiye,F,Female,2019,793.4
368,Sweden,_T,Total,2016,773.5
369,Sweden,_T,Total,2017,770.9
370,South Africa,F,Female,2018,1352.3
371,South Africa,F,Female,2015,1437.8
372,South Africa,F,Female,2016,1450.9
373,New Zealand,M,Male,2015,893.8
374,New Zealand,M,Male,2016,858.7
375,Croatia,M,Male,2020,1433.0
376,Croatia,M,Male,2021,1620.1
377,Croatia,M,Male,2015,1469.5
378,Croatia,M,Male,2016,1386.9
379,Croatia,M,Male,2017,1394.0
380,Croatia,M,Male,2018,1375.7
381,Croatia,M,Male,2019,1321.8
382,United Kingdom,_T,Total,2015,850.9
383,United Kingdom,_T,Total,2016,829.0
384,United Kingdom,_T,Total,2017,825.8
385,United Kingdom,_T,Total,2018,846.4
386,United Kingdom,_T,Total,2019,793.4
387,United Kingdom,_T,Total,2020,895.9
388,South Africa,M,Male,2016,2028.4
389,South Africa,M,Male,2018,1875.4
390,South Africa,M,Male,2017,1949.7
391,South Africa,M,Male,2015,1989.8
392,Bulgaria,M,Male,2016,1693.1
393,Bulgaria,M,Male,2017,1711.1
394,Bulgaria,M,Male,2018,1689.4
395,Bulgaria,M,Male,2019,1674.1
396,Bulgaria,M,Male,2020,1960.7
397,Bulgaria,M,Male,2021,2328.7
398,Bulgaria,M,Male,2015,1732.5
399,Slovenia,_T,Total,2017,846.8
400,Slovenia,_T,Total,2018,834.2
401,Slovenia,_T,Total,2019,802.0
402,Slovenia,_T,Total,2020,921.7
403,Slovenia,_T,Total,2015,861.4
404,Slovenia,_T,Total,2016,834.1
405,Germany,F,Female,2020,701.8
406,Germany,F,Female,2019,690.3
407,Germany,F,Female,2015,727.0
408,Germany,F,Female,2016,699.4
409,Germany,F,Female,2017,707.4
410,Germany,F,Female,2018,716.9
411,Spain,F,Female,2018,549.9
412,Spain,F,Female,2019,526.9
413,Russia,F,Female,2015,1125.5
414,Spain,F,Female,2020,613.8
415,Russia,F,Female,2019,1023.3
416,Spain,F,Female,2021,548.7
417,Spain,F,Female,2015,578.6
418,Spain,F,Female,2016,546.7
419,Spain,F,Female,2017,557.5
420,Russia,M,Male,2019,1793.5
421,Russia,M,Male,2015,2025.2
422,Israel,M,Male,2020,870.8
423,Israel,M,Male,2021,859.0
424,Israel,M,Male,2015,899.0
425,Israel,M,Male,2016,846.6
426,Israel,M,Male,2017,860.4
427,Israel,M,Male,2018,824.6
428,Israel,M,Male,2019,823.9
429,United States,M,Male,2016,1063.0
430,United States,M,Male,2017,1067.8
431,United States,M,Male,2018,1057.1
432,United States,M,Male,2019,1045.1
433,United States,M,Male,2020,1254.1
434,United States,M,Male,2021,1273.4
435,United States,M,Male,2015,1070.3
436,Switzerland,M,Male,2018,794.2
437,Switzerland,M,Male,2019,780.0
438,Switzerland,M,Male,2020,878.4
439,Switzerland,M,Male,2021,797.6
440,Switzerland,M,Male,2015,871.3
441,Switzerland,M,Male,2016,811.6
442,Switzerland,M,Male,2017,816.8
443,Estonia,_T,Total,2017,992.7
444,Estonia,_T,Total,2018,987.0
445,Estonia,_T,Total,2019,946.1
446,Estonia,_T,Total,2020,964.7
447,Estonia,_T,Total,2021,1115.4
448,Estonia,_T,Total,2022,1027.6
449,Estonia,_T,Total,2015,1021.3
450,Estonia,_T,Total,2016,1012.0
451,Austria,_T,Total,2018,804.1
452,Austria,_T,Total,2019,784.1
453,Austria,_T,Total,2020,844.3
454,Austria,_T,Total,2021,842.7
455,Austria,_T,Total,2015,834.0
456,Austria,_T,Total,2016,795.9
457,Austria,_T,Total,2017,808.3
458,Poland,_T,Total,2016,1020.9
459,Poland,_T,Total,2017,1040.7
460,Poland,_T,Total,2018,1034.7
461,Poland,_T,Total,2019,1021.0
462,Poland,_T,Total,2020,1169.8
463,Poland,_T,Total,2021,1273.1
464,Poland,_T,Total,2015,1064.6
465,Hungary,_T,Total,2017,1242.2
466,Hungary,_T,Total,2018,1223.7
467,Türkiye,M,Male,2016,1270.4
468,Argentina,_T,Total,2018,1079.7
469,Hungary,_T,Total,2021,1415.4
470,Hungary,_T,Total,2022,1256.9
471,Hungary,_T,Total,2015,1270.0
472,Hungary,_T,Total,2016,1209.8
473,Czechia,M,Male,2020,1422.4
474,Czechia,M,Male,2021,1547.6
475,Czechia,M,Male,2015,1318.6
476,Czechia,M,Male,2016,1261.0
477,Czechia,M,Male,2017,1270.1
478,Czechia,M,Male,2018,1256.2
479,Czechia,M,Male,2019,1234.7
480,Iceland,F,Female,2017,662.9
481,Iceland,F,Female,2018,659.3
482,Iceland,F,Female,2019,644.0
483,Iceland,F,Female,2020,642.4
484,Iceland,F,Female,2021,637.1
485,Iceland,F,Female,2022,724.1
486,Iceland,F,Female,2015,691.8
487,Iceland,F,Female,2016,677.5
488,United Kingdom,F,Female,2019,689.4
489,United Kingdom,F,Female,2020,768.1
490,United Kingdom,F,Female,2015,743.5
491,United Kingdom,F,Female,2016,722.3
492,United Kingdom,F,Female,2017,719.5
493,United Kingdom,F,Female,2018,738.8
494,New Zealand,F,Female,2016,655.7
495,New Zealand,F,Female,2015,690.1
496,Chile,_T,Total,2015,834.9
497,Chile,_T,Total,2016,812.9
498,Chile,_T,Total,2017,805.8
499,Chile,_T,Total,2018,779.6
500,Chile,_T,Total,2019,772.8
501,Chile,_T,Total,2020,859.9
502,Chile,_T,Total,2021,904.8
503,United States,_T,Total,2018,895.4
504,United States,_T,Total,2019,883.6
505,United States,_T,Total,2020,1045.3
506,United States,_T,Total,2021,1056.5
507,United States,_T,Total,2015,908.6
508,United States,_T,Total,2016,900.7
509,United States,_T,Total,2017,905.1
510,Poland,F,Female,2020,885.9
511,Poland,F,Female,2018,796.1
512,Poland,F,Female,2021,977.6
513,Poland,F,Female,2015,817.3
514,Poland,F,Female,2017,800.4
515,Poland,F,Female,2016,778.3
516,Poland,F,Female,2019,785.9
517,Romania,M,Male,2019,1560.2
518,Romania,M,Male,2015,1632.8
519,Romania,M,Male,2016,1606.2
520,Romania,M,Male,2017,1605.0
521,Romania,M,Male,2018,1609.1
522,Lithuania,M,Male,2021,1906.2
523,Lithuania,M,Male,2022,1693.4
524,Lithuania,M,Male,2015,1777.6
525,Lithuania,M,Male,2016,1753.4
526,Lithuania,M,Male,2017,1670.4
527,Lithuania,M,Male,2018,1635.2
528,Lithuania,M,Male,2019,1568.8
529,Lithuania,M,Male,2020,1793.1
530,Canada,_T,Total,2022,779.6
531,Canada,_T,Total,2015,742.7
532,Canada,_T,Total,2016,729.7
533,Canada,_T,Total,2017,734.2
534,Canada,_T,Total,2018,737.8
535,Canada,_T,Total,2019,716.0
536,Canada,_T,Total,2020,755.1
537,Canada,_T,Total,2021,745.5
538,South Africa,_T,Total,2018,1573.4
539,South Africa,_T,Total,2017,1624.0
540,South Africa,_T,Total,2015,1670.6
541,South Africa,_T,Total,2016,1693.9
542,Peru,M,Male,2015,657.9
543,Peru,M,Male,2016,667.6
544,Peru,M,Male,2017,835.8
545,Peru,M,Male,2018,842.2
546,Peru,M,Male,2019,902.3
547,Peru,M,Male,2020,1733.4
548,Colombia,_T,Total,2019,812.6
549,Colombia,_T,Total,2020,968.8
550,Colombia,_T,Total,2021,1126.3
551,Colombia,_T,Total,2015,838.3
552,Colombia,_T,Total,2016,823.4
553,Colombia,_T,Total,2017,817.4
554,Colombia,_T,Total,2018,814.8
555,Luxembourg,F,Female,2017,623.8
556,Luxembourg,F,Female,2018,593.0
557,Luxembourg,F,Female,2019,580.8
558,Luxembourg,F,Female,2020,610.7
559,Luxembourg,F,Female,2021,584.4
560,Luxembourg,F,Female,2022,572.3
561,Luxembourg,F,Female,2015,625.2
562,Luxembourg,F,Female,2016,590.9
563,Greece,_T,Total,2019,801.2
564,Greece,_T,Total,2020,828.7
565,Greece,_T,Total,2015,845.0
566,Türkiye,F,Female,2016,843.7
567,South Africa,F,Female,2017,1389.3
568,Greece,_T,Total,2018,787.6
569,Sweden,F,Female,2017,670.9
570,Sweden,F,Female,2018,660.1
571,Sweden,F,Female,2019,626.9
572,Sweden,F,Female,2020,671.6
573,Sweden,F,Female,2021,621.3
574,Sweden,F,Female,2022,631.8
575,Sweden,F,Female,2015,678.9
576,Sweden,F,Female,2016,668.9
577,Portugal,F,Female,2018,642.4
578,Portugal,F,Female,2019,606.8
579,Portugal,F,Female,2015,665.5
580,Portugal,F,Female,2016,656.4
581,Portugal,F,Female,2017,639.1
582,New Zealand,_T,Total,2015,783.4
583,New Zealand,_T,Total,2016,749.3
584,Ireland,_T,Total,2019,763.6
585,Ireland,_T,Total,2020,781.6
586,Ireland,_T,Total,2015,836.4
587,Ireland,_T,Total,2016,827.2
588,Ireland,_T,Total,2017,797.5
589,Ireland,_T,Total,2018,786.1
590,Canada,F,Female,2017,624.5
591,Canada,F,Female,2018,629.4
592,Canada,F,Female,2019,610.0
593,Canada,F,Female,2020,638.5
594,Canada,F,Female,2021,623.8
595,Canada,F,Female,2022,659.1
596,Canada,F,Female,2015,634.1
597,Canada,F,Female,2016,622.3
598,Lithuania,_T,Total,2017,1191.8
599,Lithuania,_T,Total,2018,1165.5
600,Lithuania,_T,Total,2019,1117.3
601,Lithuania,_T,Total,2020,1261.7
602,Lithuania,_T,Total,2021,1383.9
603,Lithuania,_T,Total,2022,1234.4
604,Lithuania,_T,Total,2015,1265.1
605,Lithuania,_T,Total,2016,1234.8
606,Bulgaria,_T,Total,2018,1331.8
607,Bulgaria,_T,Total,2019,1315.5
608,Bulgaria,_T,Total,2020,1504.0
609,Bulgaria,_T,Total,2021,1806.4
610,Bulgaria,_T,Total,2015,1381.7
611,Bulgaria,_T,Total,2016,1340.1
612,Bulgaria,_T,Total,2017,1357.7
613,France,M,Male,2019,857.6
614,France,M,Male,2020,930.0
615,France,M,Male,2015,912.6
616,France,M,Male,2016,891.7
617,France,M,Male,2017,902.2
618,France,M,Male,2018,891.6
619,Austria,M,Male,2017,970.2
620,Austria,M,Male,2018,970.2
621,Denmark,M,Male,2018,1018.1
622,Denmark,M,Male,2019,964.9
623,Denmark,M,Male,2020,963.3
624,Denmark,M,Male,2021,908.8
625,Denmark,M,Male,2015,1025.6
626,Denmark,M,Male,2016,1004.5
627,Austria,M,Male,2019,946.0
628,Denmark,M,Male,2017,997.4
629,Austria,M,Male,2020,1026.6
630,Austria,M,Male,2021,1025.2
631,Austria,M,Male,2015,1017.4
632,Austria,M,Male,2016,969.6
633,Croatia,F,Female,2016,879.9
634,Croatia,F,Female,2017,915.2
635,Croatia,F,Female,2018,873.1
636,Croatia,F,Female,2019,852.2
637,Croatia,F,Female,2020,917.3
638,Croatia,F,Female,2021,1038.1
639,Croatia,F,Female,2015,953.6
640,Slovak Republic,_T,Total,2016,1118.5
641,Slovak Republic,_T,Total,2017,1129.2
642,Slovak Republic,_T,Total,2018,1110.7
643,Slovak Republic,_T,Total,2019,1062.2
644,Slovak Republic,_T,Total,2020,1147.4
645,Slovak Republic,_T,Total,2021,1432.8
646,Belgium,_T,Total,2015,840.2
647,Belgium,_T,Total,2016,805.8
648,Belgium,_T,Total,2017,802.8
649,Belgium,_T,Total,2018,798.4
650,Belgium,_T,Total,2019,770.0
651,Belgium,_T,Total,2020,885.6
652,Türkiye,_T,Total,2018,980.5
653,Türkiye,_T,Total,2019,968.7
654,Türkiye,_T,Total,2016,1029.1
655,Türkiye,_T,Total,2015,1008.4
656,Türkiye,_T,Total,2017,1009.5
657,Finland,M,Male,2018,983.8
658,Finland,M,Male,2019,955.6
659,Finland,M,Male,2020,961.5
660,Finland,M,Male,2021,973.6
661,Finland,M,Male,2015,1012.1
662,Finland,M,Male,2016,1025.3
663,Finland,M,Male,2017,995.3
664,Costa Rica,_T,Total,2015,835.1
665,Hungary,_T,Total,2019,1197.0
666,Hungary,_T,Total,2020,1288.8
667,Costa Rica,_T,Total,2018,855.9
668,Costa Rica,_T,Total,2019,861.1
669,Costa Rica,_T,Total,2020,890.8
670,Germany,_T,Total,2015,874.8
671,Germany,_T,Total,2016,845.9
672,Germany,_T,Total,2017,850.5
673,Germany,_T,Total,2018,859.6
674,Germany,_T,Total,2019,829.8
675,Germany,_T,Total,2020,850.0
676,Israel,_T,Total,2016,734.0
677,Israel,_T,Total,2017,723.9
678,Israel,_T,Total,2018,703.6
679,Israel,_T,Total,2019,708.9
680,Israel,_T,Total,2020,734.7
681,Israel,_T,Total,2021,762.9
682,Israel,_T,Total,2015,760.3
683,Korea,F,Female,2016,544.4
684,Korea,F,Female,2017,530.0
685,Korea,F,Female,2018,527.9
686,Korea,F,Female,2019,491.5
687,Korea,F,Female,2020,483.5
688,Korea,F,Female,2021,479.7
689,Korea,F,Female,2015,559.3
690,Brazil,F,Female,2020,896.6
691,Brazil,F,Female,2021,1024.1
692,Brazil,F,Female,2015,863.7
693,Brazil,F,Female,2016,861.5
694,Brazil,F,Female,2017,842.5
695,Brazil,F,Female,2018,820.4
696,Brazil,F,Female,2019,823.4
697,Norway,_T,Total,2015,777.6
698,Norway,_T,Total,2016,764.7
699,Peru,F,Female,2019,709.0
700,Peru,F,Female,2020,1050.8
701,Peru,F,Female,2015,521.0
702,Peru,F,Female,2016,532.6
703,Peru,F,Female,2017,675.9
704,Peru,F,Female,2018,678.8
705,Lithuania,F,Female,2017,892.5
706,Lithuania,F,Female,2018,869.4
707,Lithuania,F,Female,2019,831.3
708,Lithuania,F,Female,2020,926.5
709,Lithuania,F,Female,2021,1052.4
710,Lithuania,F,Female,2022,941.6
711,Lithuania,F,Female,2015,935.4
712,Lithuania,F,Female,2016,904.4
713,Chile,M,Male,2016,1018.8
714,Chile,M,Male,2017,1008.6
715,Chile,M,Male,2018,976.5
716,Chile,M,Male,2019,965.4
717,Chile,M,Male,2020,1091.8
718,Chile,M,Male,2021,1136.1
719,Chile,M,Male,2015,1048.3
720,Luxembourg,_T,Total,2017,728.8
721,Luxembourg,_T,Total,2018,708.1
722,Luxembourg,_T,Total,2019,691.6
723,Luxembourg,_T,Total,2020,737.3
724,Luxembourg,_T,Total,2021,702.9
725,Luxembourg,_T,Total,2022,675.7
726,Luxembourg,_T,Total,2015,737.0
727,Luxembourg,_T,Total,2016,717.9
728,Israel,F,Female,2018,604.4
729,Israel,F,Female,2019,614.1
730,Israel,F,Female,2020,622.9
731,Israel,F,Female,2021,677.5
732,Israel,F,Female,2015,649.3
733,Israel,F,Female,2016,640.6
734,Israel,F,Female,2017,615.7
735,Belgium,M,Male,2019,929.1
736,Belgium,M,Male,2020,1072.0
737,Belgium,M,Male,2015,1020.6
738,Belgium,M,Male,2016,990.2
739,Belgium,M,Male,2017,980.9
740,Belgium,M,Male,2018,965.0
741,Greece,F,Female,2016,673.2
742,Greece,F,Female,2017,688.9
743,Greece,F,Female,2018,649.8
744,Greece,F,Female,2019,666.8
745,Greece,F,Female,2020,690.0
746,Greece,F,Female,2015,699.7
747,Mexico,_T,Total,2018,1079.7
748,Mexico,_T,Total,2019,1085.0
749,Mexico,_T,Total,2020,1542.2
750,Mexico,_T,Total,2021,1536.5
751,Mexico,_T,Total,2015,1079.7
752,Mexico,_T,Total,2016,1095.3
753,Mexico,_T,Total,2017,1084.2
754,Denmark,F,Female,2018,739.4
755,Denmark,F,Female,2019,706.0
756,Denmark,F,Female,2020,695.2
757,Denmark,F,Female,2021,663.1
758,Denmark,F,Female,2015,747.7
759,Denmark,F,Female,2016,740.9
760,Denmark,F,Female,2017,727.6
761,Chile,F,Female,2021,727.4
762,Chile,F,Female,2018,633.7
763,Chile,F,Female,2019,628.9
764,Greece,_T,Total,2016,810.8
765,Greece,_T,Total,2017,828.5
766,Chile,F,Female,2017,655.3
767,Chile,F,Female,2020,686.0
768,Sweden,M,Male,2017,895.2
769,Sweden,M,Male,2018,885.3
770,Sweden,M,Male,2019,842.6
771,Sweden,M,Male,2020,926.8
772,Sweden,M,Male,2021,847.0
773,Sweden,M,Male,2022,842.5
774,Sweden,M,Male,2015,939.8
775,Sweden,M,Male,2016,902.5
776,Greece,M,Male,2019,957.1
777,Greece,M,Male,2018,948.4
778,Colombia,M,Male,2019,954.3
779,Colombia,M,Male,2020,1188.9
780,Colombia,M,Male,2021,1373.5
781,Colombia,M,Male,2016,963.3
782,Colombia,M,Male,2015,972.4
783,Colombia,M,Male,2017,951.6
784,Colombia,M,Male,2018,954.1
785,Netherlands,M,Male,2019,838.7
786,Netherlands,M,Male,2020,951.8
787,Netherlands,M,Male,2021,986.4
788,Netherlands,M,Male,2022,938.5
789,Netherlands,M,Male,2015,969.4
790,Netherlands,M,Male,2016,956.6
791,Netherlands,M,Male,2017,934.5
792,Netherlands,M,Male,2018,879.7
793,Greece,M,Male,2020,990.2
794,Greece,M,Male,2015,1013.4
795,Greece,M,Male,2016,971.2
796,Greece,M,Male,2017,991.2
797,Estonia,M,Male,2017,1397.1
798,Estonia,M,Male,2018,1385.8
799,Estonia,M,Male,2019,1320.9
800,Estonia,M,Male,2020,1349.0
801,Estonia,M,Male,2021,1570.4
802,Estonia,M,Male,2022,1445.5
803,Estonia,M,Male,2015,1427.9
804,Estonia,M,Male,2016,1425.2
805,Slovak Republic,M,Male,2020,1481.7
806,Slovak Republic,M,Male,2021,1824.2
807,Slovak Republic,M,Male,2016,1438.0
808,Slovak Republic,M,Male,2017,1449.2
809,Slovak Republic,M,Male,2018,1422.4
810,Slovak Republic,M,Male,2019,1359.7
811,Korea,M,Male,2018,918.0
812,Korea,M,Male,2019,864.5
813,Korea,M,Male,2020,849.9
814,Korea,M,Male,2021,842.7
815,Korea,M,Male,2015,986.9
816,Korea,M,Male,2016,956.0
817,Korea,M,Male,2017,924.0
818,Japan,_T,Total,2018,605.7
819,Japan,_T,Total,2019,599.5
820,Japan,_T,Total,2020,586.6
821,Japan,_T,Total,2021,599.8
822,Japan,_T,Total,2015,626.1
823,Japan,_T,Total,2016,616.4
824,Japan,_T,Total,2017,611.9
825,Austria,F,Female,2016,660.7
826,Austria,F,Female,2018,671.4
827,Austria,F,Female,2019,655.2
828,Austria,F,Female,2020,699.5
829,Austria,F,Female,2021,696.0
830,Austria,F,Female,2015,691.1
831,Austria,F,Female,2017,678.9
832,Czechia,_T,Total,2016,997.6
833,Czechia,_T,Total,2017,1011.9
834,Czechia,_T,Total,2018,1005.4
835,Czechia,_T,Total,2019,982.8
836,Czechia,_T,Total,2020,1117.2
837,Czechia,_T,Total,2021,1199.0
838,Czechia,_T,Total,2015,1051.8
839,Costa Rica,F,Female,2019,734.0
840,Costa Rica,F,Female,2020,727.0
841,Costa Rica,F,Female,2015,690.2
842,Costa Rica,F,Female,2016,735.0
843,Costa Rica,F,Female,2017,734.7
844,Costa Rica,F,Female,2018,713.4
845,Australia,_T,Total,2020,639.9
846,Australia,_T,Total,2021,662.3
847,Australia,_T,Total,2022,716.7
848,Australia,_T,Total,2016,698.3
849,Australia,_T,Total,2017,692.2
850,Australia,_T,Total,2018,665.7
851,Australia,_T,Total,2015,719.1
852,Australia,_T,Total,2019,690.8
853,Croatia,_T,Total,2018,1087.2
854,Croatia,_T,Total,2019,1053.0
855,Croatia,_T,Total,2020,1137.7
856,Croatia,_T,Total,2021,1286.0
857,Croatia,_T,Total,2015,1170.3
858,Croatia,_T,Total,2016,1092.4
859,Croatia,_T,Total,2017,1118.5
860,Germany,M,Male,2019,1000.6
861,Germany,M,Male,2020,1032.1
862,Germany,M,Male,2015,1060.4
863,Costa Rica,_T,Total,2016,868.9
864,Costa Rica,_T,Total,2017,867.0
865,Germany,M,Male,2018,1035.2
866,Latvia,M,Male,2018,1716.1
867,Latvia,M,Male,2019,1641.6
868,Latvia,M,Male,2020,1700.9
869,Latvia,M,Male,2021,2025.7
870,Latvia,M,Male,2015,1720.5
871,Latvia,M,Male,2016,1731.9
872,Latvia,M,Male,2017,1733.6
873,Czechia,F,Female,2018,815.0
874,Czechia,F,Female,2019,793.7
875,Czechia,F,Female,2020,892.4
876,Czechia,F,Female,2021,942.8
877,Czechia,F,Female,2015,854.9
878,Czechia,F,Female,2016,803.7
879,Czechia,F,Female,2017,819.0
880,Netherlands,F,Female,2017,706.6
881,Netherlands,F,Female,2018,677.9
882,Netherlands,F,Female,2019,633.3
883,Netherlands,F,Female,2020,713.3
884,Netherlands,F,Female,2021,733.9
885,Netherlands,F,Female,2022,730.9
886,Netherlands,F,Female,2016,715.1
887,Netherlands,F,Female,2015,719.5
